star_sign,rank,shape,college,comment_first,collect_num,occupation,reg_time,flower,pic_num,fans,location,hobby,comment_response,tags,comment_num,birthday,loc_check,nickname,shops,interaction,note_num,level,url,gender,foodtype,love_situation,contribution
天秤座,60,啤酒肚型,中山大学,2364,70,,2010-11-03,1501,14595,848,广州,睡觉、吃、阅读,1501,广州,8114,1986-9-23,2893,光头强plus+,846,25519,455,博士,http://www.dianping.com/member/6988659,man,,已婚,49946
摩羯座,60,保密,上大美院,862,687,,2008-04-03,975,16691,1143,上海,LEE,975,上海,8607,1984-1-6,450,优雅猫,573,5432,5,高二,http://www.dianping.com/member/2153699,woman,,已婚,37501
双子座,60,保密,华中科技大学文华学院,1672,219,公司职员,2009-04-14,707,20031,683,广州,吃,707,广州,5116,1988-6-20,10142,绯村瑶愉快地敲着碗,1953,6748,339,研一,http://www.dianping.com/member/3869219,woman,,单身,33327
双鱼座,60,保密,,1811,410,地产,2012-07-04,643,20394,666,广州,,643,广州,5122,1988-3-9,2594,贪吃的双鱼宝宝,4245,11183,222,研一,http://www.dianping.com/member/25118753,woman,,已婚,62934
狮子座,60,,,1039,639,会计,2009-04-06,819,29351,904,广州,旅游、美食、看书、音乐,819,广州,5220,1978-8-17,2893,笨笨猫Shirley,1106,50,84,大三,http://www.dianping.com/member/3843074,woman,各类,单身,42759
金牛座,60,,,148,24,,2007-10-10,641,10133,1278,上海,,641,上海,5406,1987-5-14,2415,爱吃牛肉的长颈鹿,45,6055,7,大四,http://www.dianping.com/member/1932534,woman,,,26215
处女座,60,保密,,536,39,,2004-11-05,2718,5455,4006,上海,,2718,上海,5583,1985-9-13,2309,上海金田一,1128,11665,33,初三,http://www.dianping.com/member/62424,man,,单身,23382
处女座,60,高挑优雅型,,118,123,,2005-03-10,1127,9830,2248,上海,美食，旅游，阅读,1127,上海,5568,1980-9-9,1472,肉食加菲_,112,14099,207,大四,http://www.dianping.com/member/135378,woman,,已婚,28132
巨蟹座,60,魅力可乐型,上海师范大学,294,33,食品行业,2008-05-02,279,14931,880,上海,"吃喝玩乐,看书,唱歌,压马路",279,上海,5825,1986-7-13,4333,purple_zi,7,670,96,讲师,http://www.dianping.com/member/2226653,woman,"甜点,川菜,西餐,粤菜,情调好的餐馆",单身,12229
天蝎座,60,,,415,74,",金融",2007-12-19,584,2152,1372,上海,篮球，游戏机，美食,584,上海,5811,1982-11-8,608,鹅肝小王子,346,2829,32,大四,http://www.dianping.com/member/2012108,man,自助餐，烤肉,单身,15296
白羊座,60,高挑优雅型,,941,70,服务,2010-04-04,441,7530,460,广州,"上网,看恐怖或者推理小说",441,广州,6021,1987-4-11,188,粉红猪大大,1205,11706,7,高一,http://www.dianping.com/member/5569238,woman,"茄子,鱼,芝士类的所有菜式",,22758
双鱼座,60,,,963,20,,2014-08-30,329,3866,325,抚顺,,329,抚顺,6030,1982-2-20,5213,红红火火6666,15,35724,619,研二,http://www.dianping.com/member/121409855,man,,单身,24434
狮子座,60,保密,,1315,223,,2011-03-23,1431,8165,1009,成都,,1431,成都,6104,2008-8-22,515,一坨Lemon,1800,17881,28,五年级,http://www.dianping.com/member/8698459,woman,,,30099
天蝎座,60,保密,,1192,134,,2009-01-09,15931,47627,2502,成都,,15931,成都,6121,1987-11-4,1219,掉了BOWL,2751,75212,200,研一,http://www.dianping.com/member/3547753,woman,All tasty food！！！,,49972
白羊座,60,保密,,158,306,,2005-01-07,839,14375,1400,上海,,839,上海,6338,1982-3-21,1296,dimple321,321,2927,19,高一,http://www.dianping.com/member/90765,woman,,单身,20474
射手座,60,保密,,1133,162,金融,2010-10-25,8084,47332,2087,成都,吃美食。做美食。,8084,成都,6385,1989-12-14,1986,摩小亚,1246,56439,37,大一,http://www.dianping.com/member/6911699,woman,川菜 粤菜   西餐    甜点,单身,52513
水瓶座,60,魅力V型,南京航空航天大学,1250,1038,学生,2013-10-02,333,12365,399,盐城,购物、旅行、美食,333,盐城,4058,1995-1-26,3178,鲲仔子,782,2054,9,高三,http://www.dianping.com/member/45157356,man,金牌外婆家,单身,28266
狮子座,60,魅力可乐型,黑龙江工商职业技术学院,251,432,销售,2011-05-18,641,20393,784,上海,旅游 美食 看书 电影 K歌,641,上海,4074,1985-7-25,2536,彼岸之澄,584,13992,239,研一,http://www.dianping.com/member/10613580,woman,"湘
川
粤
日料
台湾
东北菜
西餐
甜品",单身,22130
白羊座,60,可爱球型,,146,358,,2006-04-11,653,2871,996,上海,,653,上海,4104,1982-4-13,449,旁着赤佬了,210,601,232,研二,http://www.dianping.com/member/856264,woman,,,10501
,60,,,845,80,,2007-04-27,401,6957,941,北京,,401,北京,4129,1982-11-16,139,yeninghua,1448,1678,218,大四,http://www.dianping.com/member/1663348,woman,,,22697
处女座,60,保密,,1426,44,加油工,2014-04-02,398,6211,704,扬州,上网 看电影,398,扬州,3935,1990-9-21,1110,阳光的玖零,5086,5334,370,研二,http://www.dianping.com/member/56426949,man,川菜 淮扬菜,备婚,36275
天蝎座,60,保密,华师大,125,75,行政,2007-07-26,667,9431,679,上海,吃啊吃 睡啊睡 逛啊逛 买啊买 O(∩_∩)O哈哈~,667,上海,4142,1992-11-3,1857,Candy要吃好吃哒,154,6004,185,博士,http://www.dianping.com/member/1812907,woman,,单身,24591
天蝎座,60,保密,佛科院,1462,411,公务员,2010-05-06,552,3415,658,佛山,瞓觉,552,佛山,4150,1983-10-25,0,美食达人消失王子,2711,1003,154,五年级,http://www.dianping.com/member/5712993,man,全世界的菜系,单身,18312
摩羯座,60,保密,,1685,4,韩国化妆品代购,2011-12-23,476,11169,325,哈尔滨,上网，品美食，买团购，看电影，听音乐，赏景色……,476,哈尔滨,3993,2011-12-23,2275,好猫宝宝,2858,8962,1190,讲师,http://www.dianping.com/member/19805178,woman,,,33538
白羊座,60,保密,二轻大,181,0,家具,2003-09-23,650,20983,1178,上海,看电影,650,上海,4116,1981-4-1,2050,囡囡,349,2017,0,高二,http://www.dianping.com/member/6991,woman,好吃都喜欢,热恋,22287
金牛座,60,保密,,864,155,,2007-07-15,3401,643,1535,南京,,3401,南京,4159,1987-5-6,82,GraGraNJ,806,1091,74,高二,http://www.dianping.com/member/1796313,woman,,已婚,10936
狮子座,60,魅力V型,西北大学,1040,138,,2005-08-27,2549,27110,1417,西安,美食，健身，旅游。,2549,西安,4169,1985-8-20,5236,吃出新味来,3160,123019,112,高三,http://www.dianping.com/member/361732,man,火锅,热恋,54775
天秤座,60,保密,,249,60,,2011-06-24,941,48861,891,天津,,941,天津,4247,1988-10-11,3225,jiajia_weiyi,1975,21123,3097,院长,http://www.dianping.com/member/13194476,woman,芝士、奶油、榴莲,保密,32350
水瓶座,60,可爱球型,,55,20,,2008-11-04,2024,5654,3018,上海,,2024,上海,4301,1983-1-20,334,小猫猫吃喝玩乐,86,6081,862,系主任,http://www.dianping.com/member/3322614,woman,,热恋,17531
天蝎座,60,,,96,1609,,2004-04-12,1846,76077,2849,上海,摄影、聊天、美食、发呆,1846,上海,4372,1978-11-19,1795,peachsai年年大吉,116,16159,1378,博士,http://www.dianping.com/member/21842,woman,所有本帮菜，带草莓的糕点,单身,28255
摩羯座,60,啤酒肚型,,1513,197,,2007-01-12,3773,116603,2118,武汉,美食 旅游 飞行,3773,武汉,4383,2000-1-1,35695,泸州老叫,6926,13230,1456,教授,http://www.dianping.com/member/1498451,woman,笋子,已婚,122873
处女座,60,,,110,0,,2013-09-03,480,7645,236,上海,,480,上海,4388,1994-9-17,393,yazhaifurentouzi,129,2548,1,高二,http://www.dianping.com/member/43582445,woman,,,12128
双鱼座,60,,,538,656,,2005-06-29,906,20455,1386,北京,我在新浪有微薄：艾翡翠蝉，可以关注哦,906,北京,4403,1969-3-10,557,翡翠蝉,1179,2738,1,一年级,http://www.dianping.com/member/262171,woman,,,21897
水瓶座,60,高挑优雅型,,586,409,财务,2007-10-08,371,6629,479,上海,"阅读,音乐,旅游,美食",371,上海,4639,1977-2-9,624,猫儿打球号,2220,4285,467,研一,http://www.dianping.com/member/1927470,woman,日本料理,已婚,24643
金牛座,60,,,826,268,,2011-03-02,1155,11746,847,青岛,,1155,青岛,4581,1984-4-23,1841,奔兔2008,2788,1,254,博士,http://www.dianping.com/member/8364849,woman,,,35771
,60,,,101,16,,2005-01-14,524,27,399,上海,,524,上海,4645,1983-9-11,0,smilesky911,111,633,25,高三,http://www.dianping.com/member/93923,woman,,,11995
处女座,60,魅力V型,浙江大学,924,2,消防,2015-04-24,1062,6007,172,舟山,体育,1062,舟山,4686,1991-9-17,2791,龙光夕,86,8398,211,大二,http://www.dianping.com/member/772531657,man,海鲜,热恋,20482
金牛座,60,高大健硕型,,1338,10,,2007-10-03,446,13856,326,哈尔滨,,446,哈尔滨,4633,1977-4-22,3667,labnet,3880,1271,553,大四,http://www.dianping.com/member/1922441,man,,已婚,48292
天蝎座,60,保密,,150,360,,2008-05-06,2910,32944,5330,上海,"看日剧,听音乐,上网,看剧集写剧评~观注美食,收集CD~",2910,上海,4737,1947-11-1,2718,洛洛智久,704,64870,11057,校长,http://www.dianping.com/member/2235943,woman,"本帮菜,日本料理,火锅,蟹粉小笼,海鲜,川菜,提拉米苏,粤菜",,47212
水瓶座,60,保密,西安交通大学商学院,1062,1,房地产,2011-07-11,724,2965,551,郑州,旅游,724,郑州,4775,1967-2-14,3164,郑州丁丁,28,61164,311,大四,http://www.dianping.com/member/13863740,woman,潮州菜、广东菜、川菜 / 北京老汉字、郑州洛河路麻婆豆腐,单身,25852
天秤座,60,保密,,64,524,,2010-07-27,639,3618,1579,北京,旅游，觅食，逛街，看小说，SPA...,639,北京,4788,1988-9-30,4038,猫猫的豆豆,107,9878,189,研一,http://www.dianping.com/member/6135273,woman,川菜，湘菜，粤菜，韩国料理，泰国料理...我是重口味哈哈！,,11228
狮子座,60,,,1121,360,,2014-08-13,1074,21328,1186,长春,,1074,长春,4925,1980-7-29,8895,乐观100,1677,270083,858,博士,http://www.dianping.com/member/116319728,woman,,,35447
天蝎座,60,小巧玲珑型,,451,33,建筑,2009-08-10,501,5231,437,无锡,网购,501,无锡,4942,2013-11-5,228,蜜糖娃_呆_呆,186,1,675,讲师,http://www.dianping.com/member/4402194,woman,甜品，嗜甜如命,单身,17993
双子座,60,小巧玲珑型,,361,1585,,2004-07-13,2282,3667,3470,上海,,2282,上海,6630,1983-5-22,2671,美食月月,639,5410,48,大三,http://www.dianping.com/member/33699,woman,日料/粤菜/本帮/泰国,,20137
天秤座,60,保密,,613,530,,2006-03-09,8879,29466,4980,上海,,8879,上海,6637,2012-9-30,3618,呼呼_,2908,67650,116,研二,http://www.dianping.com/member/802189,woman,,保密,49160
双鱼座,60,保密,,1450,75,,2004-11-22,315,940,4496,上海,,315,上海,6870,1978-3-7,2462,coobyzhang,2671,1,915,博士,http://www.dianping.com/member/68683,man,,已婚,24491
处男,60,啤酒肚型,,1468,50,,2009-10-23,1197,13802,2754,上海,女,1197,上海,6895,,12,哥白天不是个随便的人,3989,33197,11039,校长,http://www.dianping.com/member/4792450,man,日本料理、抹茶、绿色系,单身,66934
狮子座,60,保密,浙江大学,1414,248,,2014-05-17,931,11663,610,温州,,931,温州,7274,1989-8-6,6094,Leo青青,1088,8083,1393,讲师,http://www.dianping.com/member/62229148,woman,,,72729
天秤座,60,保密,,1254,278,,2010-12-01,708,9852,769,北京,,708,北京,7939,1985-10-8,424,pruchen,2771,6512,81,大一,http://www.dianping.com/member/7297305,woman,粤菜、越南菜、上海菜、江浙菜、日餐,,43729
,60,,,5569,31,,2008-06-19,566,22673,3236,北京,,566,北京,7963,1971-1-18,91044,xps720,5502,585,8093,校长,http://www.dianping.com/member/2455202,man,,,86213
star_sign,rank,shape,college,comment_first,collect_num,occupation,reg_time,flower,pic_num,fans,location,hobby,comment_response,tags,comment_num,birthday,loc_check,nickname,shops,interaction,note_num,level,url,gender,foodtype,love_situation,contribution
天秤座,60,保密,,120,87,服务业,2008-03-19,2440,28079,2524,上海,K歌、旅游、美食。。。,2440,上海,4059,2008-10-15,647,贪吃的pinko酱,414,28752,1674,校长,http://www.dianping.com/member/2124372,woman,甜品、咖喱、小吃、日韩料理。。。,,29148
处女座,60,,,1147,49,,2012-08-27,1361,5784,410,青岛,,1361,青岛,3784,1990-8-29,1338,昱友宝,111,4139,51,高二,http://www.dianping.com/member/27043786,woman,,,22260
双子座,60,保密,,587,32,,2011-03-01,345,17571,99,成都,,345,成都,3786,2016-6-7,0,我豆是我,1020,3989,0,高三,http://www.dianping.com/member/8312423,man,,,19387
摩羯座,60,高挑优雅型,上海师范大学,171,92,采购,2005-06-16,966,1473,1046,上海,吃喝玩乐,966,上海,3775,1982-12-29,0,SONNTAG,331,1447,0,一年级,http://www.dianping.com/member/238860,woman,香草冰淇淋，巧克力蛋糕，柠檬味午后红茶,已婚,13356
白羊座,60,,,377,74,天鹅,2004-11-28,27739,29694,4964,上海,,27739,上海,3789,1983-4-6,231,jingjing_xie,963,91407,372,教授,http://www.dianping.com/member/71224,woman,,,28562
巨蟹座,60,,,572,56,,2006-07-26,782,2089,2618,上海,,782,上海,3807,1989-7-21,2876,catieer,771,1490,303,研一,http://www.dianping.com/member/1035011,woman,,,11925
处女座,60,保密,上海大学,97,28,学生,2009-12-17,2520,18537,1151,上海,美食 睡觉 旅游 甜点,2520,上海,3808,1990-8-25,1949,piggy_cloud,639,43320,149,博士,http://www.dianping.com/member/5080764,woman,甜点 本帮菜 港式午茶 日本菜 东南亚菜,单身,25406
双鱼座,60,,,284,73,,2009-02-09,360,5727,1925,北京,,360,北京,3817,1963-3-5,1686,飘飘姐,15,624,37,高二,http://www.dianping.com/member/3632597,woman,,单身,11733
,60,,,886,0,,2014-05-11,222,2276,109,扬州,,222,扬州,3846,,5097,小豆包么么,51,247,30,大一,http://www.dianping.com/member/61102278,woman,,,19365
双子座,60,,,949,90,,2011-03-03,307,11451,170,无锡,,307,无锡,3795,1900-6-11,1537,发呆2011,976,1913,472,研二,http://www.dianping.com/member/8397300,man,,已婚,32755
天蝎座,60,保密,,1418,193,贸易,2007-06-04,6815,29728,1716,北京,品天下美食，享美味人生！http://weibo.com/u,6815,北京,3881,2000-11-6,1860,魏大拿,3477,8521,365,研二,http://www.dianping.com/member/1731460,man,,保密,33972
白羊座,60,,,1524,54,,2009-04-11,837,29283,873,济南,,837,济南,3902,1963-4-3,2545,京津鱼,3873,10706,171,大四,http://www.dianping.com/member/3859207,man,,已婚,44295
处女座,60,保密,,1126,186,,2011-03-07,11242,32283,1919,成都,,11242,成都,3908,1900-9-18,3827,想想冬至,3018,189606,24,大二,http://www.dianping.com/member/8470619,woman,,,47377
金牛座,60,保密,苏州科技学院,523,2,教师,2011-04-20,367,6672,418,苏州,音乐、美食、时尚,367,苏州,3926,1982-5-16,1397,雅舍典藏,700,1305,2819,教授,http://www.dianping.com/member/9378633,woman,甜食 西餐 苏帮菜 粤菜,,20852
天秤座,60,保密,上海,168,10,自由职业,2011-05-18,203,9985,277,上海,吃,203,上海,3953,1989-10-1,3602,不想不想澪,196,1788,0,高三,http://www.dianping.com/member/10618041,woman,小吃,,13328
金牛座,60,,,507,3,,2013-02-17,337,1664,119,南京,,337,南京,3951,1969-4-28,1023,6口水6,175,2476,23,高二,http://www.dianping.com/member/33677212,man,,,15288
,60,,,1545,4,,2015-05-16,50,3508,8,齐齐哈尔,,50,齐齐哈尔,2934,,3052,dpuser_73493747729,18,131,0,高二,http://www.dianping.com/member/778848668,,,,16548
天秤座,60,保密,,1413,46,商业,2014-09-20,348,6378,93,温州,爱旅游爱音乐爱美食爱点评,348,温州,3359,1988-10-19,2088,Mermaid8899,650,699,8,大一,http://www.dianping.com/member/129036034,woman,西餐,,23378
摩羯座,60,,,112,53,,2011-08-19,543,15816,407,上海,,543,上海,3425,2015-1-1,2154,fionazhang77,189,1173,494,博士,http://www.dianping.com/member/15157056,woman,,,14013
摩羯座,60,保密,,1237,8,,2004-05-17,4586,3500,1487,北京,,4586,北京,3375,1981-1-1,2,海飘,2238,5801,113,大三,http://www.dianping.com/member/25025,man,,,21344
摩羯座,60,保密,,226,112,自由职业,2011-11-26,705,13377,439,大连,睡觉，下午茶，追剧，电影，看书,705,大连,3403,1988-1-8,96,慵懒安静的阳光,250,7,12,高三,http://www.dianping.com/member/18749168,woman,,已婚,27308
水瓶座,60,,,388,257,,2010-12-24,470,43571,404,广州,,470,广州,3442,2002-2-11,491,missalfred,794,2834,44,六年级,http://www.dianping.com/member/7521237,woman,,,20204
摩羯座,60,魅力可乐型,北京邮电大学,1085,450,程序员,2014-10-27,326,1541,82,石家庄,看书 看电影,326,石家庄,3323,1990-1-1,2936,爱生活的哒哒,35,668,3,高一,http://www.dianping.com/member/144606069,woman,川菜 粤菜,单身,15666
牡羊座,60,高挑优雅型,,66,19,,2011-04-27,363,1245,1036,北京,美食,363,北京,3480,1983-4-16,0,魔女小楠,42,141,387,研二,http://www.dianping.com/member/9575215,woman,宫保鸡丁，川菜,单身,11434
处女座,60,可爱球型,,479,44,,2014-02-26,767,13526,476,广州,,767,广州,3478,1992-9-18,2088,五彩鱼生饭,153,20685,125,大四,http://www.dianping.com/member/53805357,woman,,热恋,18892
狮子座,60,保密,,917,6,,2005-05-06,430,6907,1153,,,430,,3493,1988-8-8,42,MyronKiven,1435,266,139,高三,http://www.dianping.com/member/183081,man,,保密,18080
摩羯座,60,小巧玲珑型,,344,384,,2011-02-27,925,14111,2730,上海,,925,上海,3496,2013-1-1,5433,洛筱雪,2381,23384,1551,院长,http://www.dianping.com/member/8242798,woman,粤菜 甜品 日料 火锅,,37518
,60,,,935,0,,2015-04-10,93,1407,21,扬州,,93,扬州,3487,,4908,夏天要吃大冰棍,0,45,5,高三,http://www.dianping.com/member/768031654,man,,,17779
处女座,60,保密,,206,162,,2006-01-17,416,4574,372,上海,,416,上海,3469,1984-9-15,393,南宫火却,207,1466,1,二年级,http://www.dianping.com/member/709598,woman,,单身,14214
射手座,60,,RUC,162,9,法律,2010-09-08,530,21363,771,北京,美食，旅行，音乐,530,北京,3479,1984-12-9,3513,林麓是吃货,168,2006,106,高三,http://www.dianping.com/member/6518303,woman,甜品，云南菜,单身,20424
水瓶座,60,,,235,74,,2009-10-10,781,9687,359,上海,,781,上海,3513,1988-2-8,424,二月的小桃子,584,3615,3,大二,http://www.dianping.com/member/4727589,woman,,,21482
金牛座,60,保密,,176,974,挨踢,2005-10-29,1658,11546,547,上海,,1658,上海,3553,1982-4-26,1594,动感皮皮狗,239,28652,0,高二,http://www.dianping.com/member/474047,man,什么都吃，除了黄瓜,已婚,19465
天蝎座,60,保密,,1340,6,,2012-11-19,582,4064,211,天津,,582,天津,3484,1993-11-16,2,哇靠哇塞,932,32413,5,高一,http://www.dianping.com/member/29928670,woman,,,19022
巨蟹座,60,,社会大学,722,523,财务管理，羊奶粉总代，番禺灭蚊灯广告代理,2005-09-19,724,15653,1407,广州,收藏,724,广州,3587,1985-6-30,872,老实就奇,2176,19063,3235,系主任,http://www.dianping.com/member/392056,man,粤菜、浙江菜,,31452
处女座,60,保密,苏州职业大学,639,18,制造,2006-08-30,847,13573,836,苏州,美食，电影，旅行,847,苏州,3561,1971-9-3,1763,cool100886,1946,16321,4678,院长,http://www.dianping.com/member/1162511,man,苏帮菜，粤菜，日本料理,已婚,33709
狮子座,60,可爱球型,,291,18,房地产,2005-02-17,595,9939,1099,上海,看书逛街购物上网看电影吃饭,595,上海,3590,1981-8-18,445,甜甜的daisy,494,4098,654,讲师,http://www.dianping.com/member/116566,woman,甜食、茶餐厅,,20542
处女座,60,,,460,138,,2006-11-21,318,33687,793,苏州,,318,苏州,3571,1982-9-9,4770,キーちゃん,620,5089,2805,系主任,http://www.dianping.com/member/1388586,woman,,,18328
金牛座,60,,,207,73,,2007-09-21,1181,14839,1332,上海,我爱美食，我爱美景，我爱美文，我爱一切美丽的东西,1181,上海,3611,1980-5-20,484,海上花的故事,1135,8864,729,博士,http://www.dianping.com/member/1907158,woman,海鲜、川菜，本帮，粤菜，泰国菜，西式甜点都是我的心头大爱,,29828
巨蟹座,60,保密,,828,36,科研,2008-11-19,405,248,475,上海,游泳,405,上海,3649,1985-7-1,10,暗翼鲁西法,12,567,2,初一,http://www.dianping.com/member/3376989,woman,所有好吃的,,9380
摩羯座,60,,,951,38,,2015-05-09,235,2502,264,深圳,,235,深圳,3359,2016-1-1,4061,沒有ID,0,11292,0,高三,http://www.dianping.com/member/776205547,woman,,,13998
摩羯座,60,保密,,1180,25,学生,2014-10-02,342,6857,365,无锡,看书,342,无锡,3694,1998-1-17,2163,請叫我男神大人,89,2615,212,大三,http://www.dianping.com/member/134647837,man,川菜,单身,24236
摩羯座,60,保密,,256,674,,2009-04-29,536,4677,616,上海,,536,上海,3721,1987-1-17,3040,当场帮你撕兔子,138,4903,5,六年级,http://www.dianping.com/member/3924214,man,,单身,23681
摩羯座,60,,,893,40,,2015-05-16,208,2742,271,深圳,,208,深圳,3454,2016-1-1,4174,MING0720HK,0,10679,0,高三,http://www.dianping.com/member/778812457,man,,,14808
巨蟹座,60,小巧玲珑型,,718,3,,2012-08-02,646,4579,581,南京,,646,南京,3696,1988-7-1,0,立志做渔婆,559,6269,583,博士,http://www.dianping.com/member/26076736,woman,淮扬菜，甜品，西餐，粤菜,已婚,23258
,60,保密,,460,119,,2008-08-22,3289,11410,1252,南京,,3289,南京,3714,1987-10-21,10173,蜜糖Rose,976,31332,397,教授,http://www.dianping.com/member/2906635,woman,好吃的都喜欢~,保密,29728
巨蟹座,60,保密,,1158,1169,,2011-10-28,657,10803,347,无锡,,657,无锡,3729,1983-7-8,298,美食家Kitty,1215,1939,50,研一,http://www.dianping.com/member/17968027,woman,,保密,35055
处女座,60,,,1233,9,学生,2013-07-07,662,5316,286,青岛,,662,青岛,4008,2016-9-14,1732,iamYolandaXYZ,450,4089,129,大二,http://www.dianping.com/member/40143768,woman,,单身,18885
天蝎座,60,魅力可乐型,上海对外贸易学院,1082,2893,金融,2006-02-06,461,6337,847,上海,运动 旅游 吃,461,上海,3784,1984-11-1,6475,包PP的小香猪,600,1,33,高三,http://www.dianping.com/member/736382,woman,甜食 本帮菜 日料,已婚,18331
摩羯座,60,可爱球型,盐城师范学院,1055,196,学生,2014-05-30,365,4056,109,无锡,吃吃吃,365,无锡,3997,1994-1-4,3357,钱小宝。。。,73,5433,19,高二,http://www.dianping.com/member/68348879,woman,甜食,单身,18111
白羊座,60,可爱球型,华东师范大学,271,161,市场调研,2010-07-06,945,20932,867,上海,,945,上海,4033,1992-3-24,1207,Ambenchine,706,24140,10,初一,http://www.dianping.com/member/6003756,woman,墨西哥菜，越南菜，法餐，意大利,单身,20843
star_sign,rank,shape,college,comment_first,collect_num,occupation,reg_time,flower,pic_num,fans,location,hobby,comment_response,tags,comment_num,birthday,loc_check,nickname,shops,interaction,note_num,level,url,gender,foodtype,love_situation,contribution
摩羯座,60,啤酒肚型,中央民族大学,1103,718,房地产,2014-09-23,891,10824,473,天津,运动，摄影，美食,891,天津,3290,1984-1-1,6642,挪威森林北辰星,139,5109,113,大一,http://www.dianping.com/member/129830540,man,本地菜,已婚,22052
天秤座,60,保密,服装学院,36,57,学生,2007-12-04,714,205,2210,北京,学英语、看电影,714,北京,3336,1985-10-13,3,大猫爱老虎,14,30,579,博士,http://www.dianping.com/member/1994672,woman,日料,单身,6508
,60,,,1512,2,,2015-04-20,61,3537,5,齐齐哈尔,,61,齐齐哈尔,2971,,2781,dpuser_2068424096,17,125,0,高二,http://www.dianping.com/member/771239236,,,,16199
白羊座,60,,,206,87,,2004-11-14,1297,10880,1188,上海,,1297,上海,3349,1975-4-10,308,烤豆,662,28242,48,大二,http://www.dianping.com/member/65570,woman,,,22045
白羊座,60,,,361,1371,,2006-02-28,378,4652,455,哈尔滨,"吃喝玩乐
看书 电影 摄影 数码 上网",378,哈尔滨,3377,1982-4-15,588,carol0269,392,866,34,高二,http://www.dianping.com/member/785985,woman,川菜 意大利菜 法国菜 慕斯,已婚,11203
双鱼座,60,,,208,145,,2005-02-09,515,7366,777,上海,,515,上海,3388,1984-3-13,5045,mirrort,546,111,400,讲师,http://www.dianping.com/member/111167,woman,,单身,14533
,60,,,990,351,,2009-08-10,1265,29772,934,广州,,1265,广州,3401,1958-7-6,6414,识饮识吃识享受,2424,88923,122,研一,http://www.dianping.com/member/4406028,man,,,28806
巨蟹座,60,高挑优雅型,北京市首都师范大学,79,170,互联网,2013-10-26,383,7809,412,北京,美食，电影，音乐，绘画,383,北京,3084,1992-7-13,147,会喝可乐的魚,19,2141,1594,博士,http://www.dianping.com/member/46403927,woman,甜食，川菜，本帮菜，上海菜，京菜,单身,8466
天秤座,60,,,1041,38,,2014-04-24,255,1699,296,盐城,,255,盐城,343,2009-10-20,234,金色水岸.,9,2,1014,教授,http://www.dianping.com/member/58530128,woman,,保密,9992
天秤座,60,,,909,99,,2005-11-21,1653,1229,1484,广州,,1653,广州,3135,1976-10-5,66,未名人,1499,458,11,四年级,http://www.dianping.com/member/556228,man,,,14468
双子座,60,保密,,266,890,,2010-09-13,858,13509,1342,北京,,858,北京,3152,1991-6-6,762,杰克贝老师,304,4829,251,高三,http://www.dianping.com/member/6578588,man,,,25308
双子座,60,啤酒肚型,武汉大学,471,205,支付,2012-12-17,955,6190,375,郑州,足球,955,郑州,3134,1989-6-8,119,casihebe,864,5767,46,高三,http://www.dianping.com/member/31034018,man,川菜 烧烤 西餐,已婚,19632
巨蟹座,60,保密,西北大学,658,27,huhu,2009-01-30,1766,120524,1579,西安,玩,1766,西安,3149,1977-6-29,2825,子啃,32184,34645,1416,教授,http://www.dianping.com/member/3601131,man,川菜，烧烤，火锅,保密,206661
水瓶座,60,保密,,262,47,,2006-02-24,195,6975,292,上海,,195,上海,3176,2010-2-1,5319,criminalabuse,844,164,7,高三,http://www.dianping.com/member/778697,man,,,19347
天蝎座,60,,,1061,32,,2014-10-15,232,3598,143,鞍山,,232,鞍山,3079,1981-11-3,5096,绝色恐怖,9,971,207,大一,http://www.dianping.com/member/140098781,man,,,18723
天蝎座,60,高挑优雅型,,353,236,房地产,2009-02-09,842,16466,837,苏州,旅行,842,苏州,3204,1973-11-15,590,美妮宝贝,954,1890,240,大三,http://www.dianping.com/member/3636526,woman,,单身,20837
金牛座,60,高挑优雅型,qingnong,262,262,学生,2011-07-29,384,12201,763,青岛,音乐 写作,384,青岛,2919,1989-4-28,983,口天日文wm,737,1969,176,研一,http://www.dianping.com/member/14456575,woman,好吃的就行,热恋,15187
摩羯座,60,保密,,97,2,,2010-11-22,254,539,1,天津,,254,天津,2928,1989-1-4,2,地主616,119,1,6,大一,http://www.dianping.com/member/7180790,woman,,保密,7326
狮子座,60,保密,,185,137,,2010-03-22,872,9118,629,青岛,,872,青岛,2908,1983-8-14,550,神話0814,288,4599,261,研一,http://www.dianping.com/member/5511010,woman,,单身,18003
双鱼座,60,小巧玲珑型,,225,274,,2009-06-18,366,12529,427,上海,,366,上海,2922,1990-3-15,5857,蜡笔小雯子,48,2310,35,高一,http://www.dianping.com/member/4141102,woman,,热恋,14418
天蝎座,60,保密,,865,165,,2015-04-07,491,12434,172,深圳,,491,深圳,2999,1984-11-13,5310,攻击状态,244,3136,15,高三,http://www.dianping.com/member/767235018,man,,,18327
水瓶座,60,,,129,69,,2007-01-31,1017,11760,457,天津,,1017,天津,2998,1983-1-26,369,冰水126,160,4831,16,高二,http://www.dianping.com/member/1524305,woman,,,19187
天秤座,60,保密,,1008,38,,2009-06-25,1933,8012,950,沈阳,,1933,沈阳,3012,1986-10-5,380,十十十月,2299,5,4078,系主任,http://www.dianping.com/member/4176314,woman,,保密,29205
双鱼座,60,保密,哈尔滨商业大学,677,86,平面设计师,2009-07-18,550,13905,529,哈尔滨,美食，旅游,550,哈尔滨,3010,2014-3-10,41,笑忘输,1223,955,66,高三,http://www.dianping.com/member/4281678,woman,川菜，,单身,18737
白羊座,60,,,761,3,,2014-04-03,627,1658,205,盐城,,627,盐城,2805,1992-3-29,1232,皇帝是我哥,330,2106,103,高三,http://www.dianping.com/member/56562586,woman,,,12677
天秤座,60,,,366,72,,2014-08-29,256,14001,72,无锡,,256,无锡,3016,1018-10-18,3362,黑白棋_4198,284,609,174,大一,http://www.dianping.com/member/120875897,,,,29376
巨蟹座,60,保密,家里蹲,662,106,自由职业,2011-07-30,224,4539,22,上海,旅游，看书，睡觉，吃东西,224,上海,2925,1990-7-4,2475,人生若只是初见1911,71,868,13,高三,http://www.dianping.com/member/14468736,woman,粤菜,,15108
双鱼座,60,,,109,43,,2010-12-08,536,6826,125,深圳,,536,深圳,2982,1985-3-19,0,tina_23_319,86,1551,1,学龄前,http://www.dianping.com/member/7373366,man,,已婚,14392
巨蟹座,60,可爱球型,,398,262,,2012-02-14,302,7304,185,深圳,,302,深圳,3009,1996-7-12,378,二师兄你少吃点,112,967,13,高一,http://www.dianping.com/member/21071963,woman,蒙餐 奶食 辣,,14711
双子座,60,可爱球型,,436,371,,2009-01-06,2561,18066,1406,深圳,吃喝玩樂,2561,深圳,3031,1988-6-5,869,lclcjunjun,542,60579,118,研二,http://www.dianping.com/member/3536573,woman,甜品、韩国料理、日本料理、自助餐、DIY美食,单身,23616
射手座,60,高挑优雅型,,310,5,,2008-05-23,299,7193,477,北京,,299,北京,3007,2012-12-12,1299,holvis,387,1143,55,大三,http://www.dianping.com/member/2305628,woman,,,24102
摩羯座,60,保密,,961,120,,2014-02-21,653,16894,214,福州,,653,福州,3026,1981-12-22,10473,不唱情歌滴小孩,821,16363,995,讲师,http://www.dianping.com/member/53227435,woman,,,32524
水瓶座,60,魅力可乐型,,342,812,,2008-09-26,507,12893,556,上海,,507,上海,3034,1981-2-15,1948,依玛语录,955,5174,3,大三,http://www.dianping.com/member/3162537,woman,,,28540
处女座,60,,,574,208,,2008-06-26,1248,7147,2867,北京,旅游、美食、购物、音乐,1248,北京,3044,1983-9-9,777,小公主的小公猪,1131,188,9281,院长,http://www.dianping.com/member/2496660,man,大千世界，无所不爱,,14750
处女座,60,保密,,933,225,,2004-02-17,1705,20124,770,上海,音乐、旅游、摄影、美食。,1705,上海,3045,2013-9-5,256,秋风扫落叶,1838,4383,0,二年级,http://www.dianping.com/member/16437,man,,已婚,20174
水瓶座,60,保密,Christine de Louis,874,125,法语 & 翻译,2010-09-16,1107,24168,641,宁波,美食 | 佳酿 | 写作 | 瑜伽 | 旅行 | 芭蕾,1107,宁波,3059,1991-2-1,1313,一女子的生活意见,3850,9530,227,研二,http://www.dianping.com/member/6625066,woman,地中海菜系，乡土菜，甜食，东南亚料理,单身,43035
处女座,60,文弱书生型,华侨大学,1164,26,无业,2013-08-10,1111,4394,242,莆田,睡觉 看书,1111,莆田,3063,1988-9-6,2477,手拉手hha,939,16247,21,高三,http://www.dianping.com/member/42146451,man,闽菜,单身,20384
摩羯座,60,保密,,786,0,,2015-01-10,235,2158,151,郑州,,235,郑州,2935,1989-1-6,3187,疯狂_猴子,2,1704,218,大二,http://www.dianping.com/member/188673670,man,,,14565
巨蟹座,60,保密,山东科技大,642,18,小小管理员,2015-09-02,115,1109,130,济南,跳舞。美食。减肥,115,济南,2661,1982-6-24,3179,小赖姐,0,44,97,高一,http://www.dianping.com/member/819262007,woman,天下美食皆偶所爱,已婚,15288
,60,,,1511,8,,2015-12-04,55,2690,8,齐齐哈尔,,55,齐齐哈尔,2910,,2800,dpuser_8863277865,0,113,0,高二,http://www.dianping.com/member/856740531,,,,17968
金牛座,60,,,1369,18,,2008-06-02,491,17419,1620,北京,游山玩水，囍爱美食！,491,北京,3264,1977-4-30,92331,美巍子,3635,2968,4788,院长,http://www.dianping.com/member/2364764,woman,,热恋,41468
双子座,60,保密,吉林大学,1616,141,制造业,2011-12-25,449,8012,655,长春,网购，美食,449,长春,3261,1978-5-21,1813,volcanojy,1463,5795,269,博士,http://www.dianping.com/member/19863352,man,川菜,已婚,27926
,60,,,1433,6,,2015-04-20,43,3180,12,齐齐哈尔,,43,齐齐哈尔,2865,,2833,dpuser_6654111950,18,113,0,高二,http://www.dianping.com/member/771231156,woman,,,15304
水瓶座,60,可爱球型,,94,101,,2005-06-21,986,7905,649,上海,,986,上海,3266,2011-2-2,1202,韩小E,257,4902,93,大二,http://www.dianping.com/member/249248,woman,,已婚,13946
天蝎座,60,,,938,158,,2008-08-09,514,9164,755,上海,,514,上海,3281,1982-10-30,0,noisy2008,1005,497,121,大二,http://www.dianping.com/member/2803071,woman,,,13246
天秤座,60,,,809,48,,2014-05-30,376,2081,444,舟山,,376,舟山,3272,1986-10-17,11967,沙特阿拉伯大表哥,0,1554,19,高三,http://www.dianping.com/member/68781135,man,,单身,10697
白羊座,60,,,179,24,,2014-11-02,140,1178,20,鞍山,,140,鞍山,3227,1986-4-16,2634,奥斯谷0,0,117,116,高二,http://www.dianping.com/member/150338740,woman,,单身,13921
摩羯座,60,保密,上海第二工业大学,69,441,职员,2006-12-08,355,3040,395,上海,,355,上海,3287,1988-1-6,334,朶蕾咪灬,26,84,30,大三,http://www.dianping.com/member/1444193,woman,,已婚,9813
,60,,,1513,1,,2015-05-14,51,3337,8,齐齐哈尔,,51,齐齐哈尔,2872,,2907,dpuser_39381525166,5,109,0,高二,http://www.dianping.com/member/778072690,,,,16060
双鱼座,60,保密,,136,262,,2006-08-30,466,9293,534,上海,,466,上海,3304,2013-3-1,9325,Stellabow,189,2258,136,研二,http://www.dianping.com/member/1159325,woman,,,15546
star_sign,rank,shape,college,comment_first,collect_num,occupation,reg_time,flower,pic_num,fans,location,hobby,comment_response,tags,comment_num,birthday,loc_check,nickname,shops,interaction,note_num,level,url,gender,foodtype,love_situation,contribution
金牛座,60,,,648,182,会计,2007-09-22,2661,9632,907,济南,音乐 小说,2661,济南,2907,1979-5-16,1359,jasmin0516,1409,21155,226,研二,http://www.dianping.com/member/1909414,woman,粤菜、甜品、湘菜,已婚,23928
狮子座,60,魅力可乐型,,59,143,财务,2008-05-13,812,18407,947,上海,吃，吃没吃过的好吃的,812,上海,2900,1985-8-4,1399,小眼睛晶,125,58,32,高三,http://www.dianping.com/member/2263648,woman,本帮 海鲜  甜品,单身,12656
巨蟹座,60,保密,上海交通大学,164,23,,2008-08-06,425,7817,382,上海,吃，再吃，接着吃,425,上海,2784,2015-6-26,135,西米有西米露,244,15216,2,大二,http://www.dianping.com/member/2781692,man,泡椒牛蛙/粤菜/别人单位的食堂,,14590
摩羯座,60,,,769,33,,2014-07-05,532,20140,411,南宁,,532,南宁,2739,1980-1-10,3270,邂逅维C,804,6611,207,大一,http://www.dianping.com/member/94725090,woman,,已婚,21154
处女座,60,保密,,440,134,,2013-04-20,472,3400,292,盐城,,472,盐城,2699,1991-9-21,888,团子君君君,1328,5184,67,大一,http://www.dianping.com/member/36185903,woman,,保密,13481
狮子座,60,,,967,3,,2014-11-29,250,9420,528,昆明,,250,昆明,2810,1964-8-8,909,bbiuyt1002,670,40033,152,大二,http://www.dianping.com/member/172149259,man,,,14020
,60,,,1411,67,,2011-05-30,174,2096,520,东莞,,174,东莞,2832,,2893,卡牌主人,0,5,0,高二,http://www.dianping.com/member/11416085,woman,,,15158
,60,,,740,31,,2013-02-27,351,11113,195,青岛,,351,青岛,2773,1988-3-25,2999,熊猫家的小姐,105,776,481,大一,http://www.dianping.com/member/34058582,woman,,热恋,18035
巨蟹座,60,保密,,657,762,,2010-08-25,389,13532,646,上海,,389,上海,2838,2012-6-25,10823,qmxc,3405,1850,2011,讲师,http://www.dianping.com/member/6339352,man,,保密,34818
,60,,,213,435,,2010-05-12,330,2998,710,上海,,330,上海,2837,1983-2-1,1400,雁儿小妞宝,110,1655,2064,院长,http://www.dianping.com/member/5736435,woman,,,10495
白羊座,60,小巧玲珑型,,158,388,媒体,2012-07-02,728,10799,638,南京,美食、旅游,728,南京,2838,1982-4-19,3074,Lucky_雯,289,1,252,高三,http://www.dianping.com/member/25050334,woman,只要味道好都可以，偏爱重口味,,13399
双鱼座,60,高挑优雅型,,141,52,,2007-12-01,380,15129,784,上海,唱歌,380,上海,2832,1987-3-13,1975,kristy313,685,109,1723,讲师,http://www.dianping.com/member/1991096,woman,,热恋,10954
双子座,60,高挑优雅型,,927,56,文员,2008-08-14,699,13653,644,无锡,,699,无锡,2814,1983-6-20,51,蓝旗儿_,1020,2387,1001,讲师,http://www.dianping.com/member/2842290,woman,,,22622
天蝎座,60,,,62,2501,,2003-09-06,1399,5248,1840,上海,看书 上网 音乐 桌游 旅游……,1399,上海,2863,1981-10-28,274,ROSEWATER_坐看云起时,263,3342,2886,系主任,http://www.dianping.com/member/6519,woman,川菜 本帮,单身,12913
双鱼座,60,,,376,2,,2015-05-11,405,3573,376,温州,,405,温州,2754,1990-3-11,4998,Goody萌萌,173,1750,244,大三,http://www.dianping.com/member/776797215,woman,,已婚,14890
天秤座,60,保密,湘潭大学,418,29,教育,2013-07-28,1480,18164,1063,长沙,美食，烹饪,1480,长沙,2873,1987-10-19,2586,亦水菲花,6589,6179,343,讲师,http://www.dianping.com/member/41281338,woman,粤菜，日本料理，西餐，东南亚菜,单身,39790
狮子座,60,保密,,157,65,,2006-07-15,864,7138,803,上海,,864,上海,2682,1987-7-28,1346,Me蜡烛_从不写虚假DP,466,2760,2066,系主任,http://www.dianping.com/member/1002452,woman,,已婚,12438
,60,,,185,4,,2006-01-06,313,717,976,北京,,313,北京,2696,,0,饕餮的狗狗,462,773,1,学龄前,http://www.dianping.com/member/688273,man,,,6972
金牛座,60,保密,,73,16,,2013-04-12,423,6094,314,上海,,423,上海,2691,1989-4-27,196,neu20070023,195,3144,9,六年级,http://www.dianping.com/member/35827497,woman,,保密,9012
处女座,60,,,685,0,,2015-01-10,68,470,22,郑州,,68,郑州,2503,1989-9-8,3072,妄念....,0,165,8,高二,http://www.dianping.com/member/188423575,man,,,9873
天秤座,60,保密,,96,100,,2006-09-14,453,10055,353,上海,,453,上海,2707,1983-10-21,250,伪素食主义者,223,6247,1,高三,http://www.dianping.com/member/1214913,woman,最爱日料和粤菜，除了韩国菜其他都喜欢~,,18511
巨蟹座,60,,,731,9,,2013-03-25,167,524,20,南京,,167,南京,2710,1988-6-24,3515,wyq624,0,173,0,四年级,http://www.dianping.com/member/35044795,woman,,,9624
双子座,60,,,148,43,,2008-09-22,189,11788,1216,上海,,189,上海,2708,1974-6-17,1714,闪电小白猫,1986,787,1126,研二,http://www.dianping.com/member/3130270,woman,,,11606
,60,,,1493,106,,2014-04-05,102,92,77,沈阳,,102,沈阳,2708,,580,喵大人爱吃肉,0,231,0,高一,http://www.dianping.com/member/56661265,woman,,,13962
狮子座,60,,,978,5,,2014-09-27,105,2346,96,鞍山,,105,鞍山,2655,1985-7-31,2667,爱美食爱豪车,2,441,149,高三,http://www.dianping.com/member/131312212,woman,,单身,15075
金牛座,60,可爱球型,,1084,1,,2013-06-30,303,2036,157,哈尔滨,旅游，美食,303,哈尔滨,2705,1986-5-19,1865,贪吃小shuang~,57,1439,94,大一,http://www.dianping.com/member/39700730,woman,川菜，东北菜,单身,14398
射手座,60,高挑优雅型,,582,1571,供电局,2014-04-12,354,4656,163,广州,,354,广州,2714,1988-12-10,4,seashell_ya,24,1535,0,学龄前,http://www.dianping.com/member/57228817,woman,,单身,12802
天蝎座,60,保密,,70,202,,2009-07-10,298,6075,116,上海,,298,上海,2719,1984-11-17,369,平凡小怡,27,3,0,二年级,http://www.dianping.com/member/4245213,woman,,已婚,20454
魔羯座,60,小巧玲珑型,,206,65,,2005-11-26,3637,7451,1827,上海,,3637,上海,2727,1987-1-7,1139,狐狐文,600,1384,1458,教授,http://www.dianping.com/member/575815,woman,除了火锅一般性，其他都喜欢啊~~~~~~~~~~~~~~,保密,13388
射手座,60,保密,家里蹲,844,219,,2013-10-05,841,13572,320,苏州,看书,841,苏州,2730,1989-12-9,2060,碉堡的宅男,859,5493,153,大三,http://www.dianping.com/member/45304628,man,苏州菜,已婚,23791
狮子座,60,保密,,50,467,,2005-04-28,921,6932,974,上海,,921,上海,2725,2012-7-25,2560,夏半夜_花花,242,4076,123,大四,http://www.dianping.com/member/176636,woman,,保密,12473
狮子座,60,,,673,75,,2012-12-17,197,1016,19,佛山,,197,佛山,2742,1991-8-9,3702,渺淼～,44,277,0,学龄前,http://www.dianping.com/member/31074252,woman,,,12499
双子座,60,保密,吉林大学,1038,228,,2013-12-07,376,4921,400,上海,,376,上海,2752,1994-5-28,1617,小小小轻语,542,3572,254,大一,http://www.dianping.com/member/48673731,woman,,保密,19659
水瓶座,60,小巧玲珑型,,27,185,,2006-01-22,362,5332,294,上海,,362,上海,2754,1984-1-20,2624,Alice吃游仙境,19,645,8,三年级,http://www.dianping.com/member/717951,woman,,热恋,8293
,60,,,1046,1,,2016-01-01,63,7,8,济南,,63,济南,2424,,4928,幸福的文人,0,159,0,学龄前,http://www.dianping.com/member/865754504,,,,7176
射手座,60,,,62,241,,2009-06-18,480,21592,661,上海,,480,上海,2733,1989-11-30,230,77ren,159,10380,429,讲师,http://www.dianping.com/member/4139423,woman,,热恋,18154
,60,,,99,0,,2014-11-02,105,143,5,莆田,,105,莆田,2412,,1638,小张小珮,5,266,0,高二,http://www.dianping.com/member/150410950,woman,,,11388
双子座,60,保密,地理农务学院,267,3,经理人,2008-09-14,723,4024,599,广州,财经、投资、消费、饮食、上网、睇电影,723,广州,2764,1999-6-7,55,Handsome哥,70,904,434,博士,http://www.dianping.com/member/3076676,man,粤菜、日本菜、法式西餐、烧烤,保密,14097
摩羯座,60,,,257,277,,2006-11-18,304,13357,646,上海,,304,上海,162,1983-12-24,2514,yeye要吃好吃的,2141,5816,311,讲师,http://www.dianping.com/member/1382615,woman,,,34213
处女座,60,保密,,84,23,,2009-07-19,176,9733,300,上海,,176,上海,2776,1988-8-30,749,daisy971,109,455,0,高三,http://www.dianping.com/member/4289130,woman,,,11232
天蝎座,60,保密,,986,28,教师,2015-02-22,395,2274,186,淮南,,395,淮南,2762,1980-9-8,3491,荷叶圆圆1980,1210,5837,499,研一,http://www.dianping.com/member/754241986,woman,,已婚,14922
金牛座,60,高大健硕型,东师,805,10,教育,2011-02-22,323,6614,192,北京,上网,323,北京,2796,1978-5-18,969,率性之道,716,13856,4,大一,http://www.dianping.com/member/8154710,man,风范股份大纲,已婚,16419
狮子座,60,保密,,367,100,,2009-09-24,475,13921,697,苏州,美食、美食、美食。,475,苏州,2792,1987-8-5,7545,南瓜M,927,756,826,系主任,http://www.dianping.com/member/4645140,woman,芝士~~   榴莲~~  南瓜~~,保密,17410
双鱼座,60,,,416,21,,2013-09-22,452,13596,395,天津,,452,天津,2877,2016-3-15,601,TTZ2017,1208,4566,1074,系主任,http://www.dianping.com/member/44586408,woman,,,22139
双鱼座,60,保密,,661,9,财务,2006-07-02,494,15208,365,无锡,,494,无锡,2894,2006-2-22,457,jian_姐,11973,3187,1566,系主任,http://www.dianping.com/member/970570,woman,,,45475
狮子座,60,可爱球型,家裡蹲大學物理系,70,95,救你命,2007-09-04,1508,5275,1119,上海,很多很多数不清了~,1508,上海,2853,1985-8-1,542,sss琥Pò,189,2884,72,高二,http://www.dianping.com/member/1878836,woman,很多很多数不清了~,单身,12202
天蝎座,60,,,854,3,,2014-10-30,158,2498,302,盐城,,158,盐城,2895,1983-11-16,6,星际萌主小文静,695,1062,340,大二,http://www.dianping.com/member/147108795,woman,,,12847
天蝎座,60,保密,,493,1,,2011-10-24,359,16675,347,苏州,,359,苏州,2909,1987-10-25,1528,抹茶兔兔小团子,4170,1303,2030,系主任,http://www.dianping.com/member/17859584,woman,,,27171
狮子座,60,,,79,143,,2006-09-18,13057,11039,1820,上海,,13057,上海,2885,1985-8-15,735,小池是我oba,197,3514,14,高三,http://www.dianping.com/member/1225301,woman,,,16693
巨蟹座,60,,,481,138,,2013-01-14,421,4917,274,无锡,,421,无锡,2911,1987-7-12,888,老板，红汤面加炒鸡蛋,1059,5815,1,大一,http://www.dianping.com/member/32314177,man,,,17100
star_sign,rank,shape,college,comment_first,collect_num,occupation,reg_time,flower,pic_num,fans,location,hobby,comment_response,tags,comment_num,birthday,loc_check,nickname,shops,interaction,note_num,level,url,gender,foodtype,love_situation,contribution
金牛座,60,文弱书生型,,375,10,自由职业,2013-06-09,437,11566,1058,南宁,睡觉、影视、美食,437,南宁,2655,1964-5-2,6281,九哥885,166,326,115,大四,http://www.dianping.com/member/38608080,man,粤菜,已婚,15610
天蝎座,60,保密,,69,23,,2008-07-08,2155,35150,2622,上海,,2155,上海,2598,2013-11-16,1237,Sundy从不回头看爆炸,3676,62445,7333,校长,http://www.dianping.com/member/2579384,man,,单身,46231
双鱼座,60,保密,,500,5,,2011-12-16,352,7352,303,苏州,,352,苏州,2618,1989-2-25,467,苏明zhsm13579,905,1508,762,研二,http://www.dianping.com/member/19448896,man,,单身,21032
射手座,60,,上海大学,231,15,文员,2012-06-18,300,6291,211,上海,到处找好吃的,300,上海,2625,2013-12-14,1902,飞天之梦想,260,1,135,大四,http://www.dianping.com/member/24606369,woman,中餐基本各菜系都爱,保密,16393
天蝎座,60,,,349,0,,2007-11-10,811,5278,692,上海,,811,上海,2622,1980-11-7,76,嘘嘘_阿奴,891,1726,375,博士,http://www.dianping.com/member/1968332,man,,已婚,20438
射手座,60,魅力V型,九江学院,1317,45,IT,2011-10-20,1421,29331,945,九江,远足，电影，美剧,1421,九江,2637,1987-12-16,1182,五十米步枪,7268,49953,598,大三,http://www.dianping.com/member/17757037,man,黄豆泡椒鱼，川菜，志强餐馆,单身,37922
狮子座,60,,,86,69,,2005-11-08,335,5363,444,上海,,335,上海,2626,1988-8-21,150,lavenderV,78,465,143,讲师,http://www.dianping.com/member/508302,woman,,,11343
双鱼座,60,可爱球型,,158,754,,2008-04-18,7588,14047,2236,北京,,7588,北京,2650,1987-3-5,0,meiqiu,328,35384,41,初三,http://www.dianping.com/member/2194289,woman,烤肉，刺身，火锅，水果，羊肉，虾，鸭子，甜品,单身,22453
摩羯座,60,,,66,661,,2005-11-10,1009,9107,333,上海,,1009,上海,2635,1977-12-27,2759,粗的可爱,163,10577,8,高一,http://www.dianping.com/member/514329,man,,,9131
天蝎座,60,小巧玲珑型,浙江大学,670,15,互联网 电子商务,2012-05-16,504,10866,873,杭州,美食达人，时尚买手，旅行阅读，烹饪分享，电影音乐,504,杭州,2644,1988-11-5,404,静静迷迭香Rosemary,1005,3489,19,六年级,http://www.dianping.com/member/23613901,woman,太多食神怎么写的完，对美食的要求是永无止境的！,单身,15272
金牛座,60,,,500,71,,2014-10-19,824,12013,210,南宁,,824,南宁,2633,1982-4-30,1476,马金狗,1104,5967,62,大二,http://www.dianping.com/member/141530911,man,,,29664
金牛座,60,魅力可乐型,浙江大学,52,1680,学生,2010-05-16,807,6470,457,上海,烘焙,807,上海,2629,1992-5-18,383,盛梓葵,17,5397,1,学龄前,http://www.dianping.com/member/5752121,woman,各种菜系!,单身,9121
狮子座,60,魅力V型,北京服装学院,62,101,自由,2009-10-25,650,3814,726,北京,,650,北京,2659,1989-8-21,35,北京陆少,70,1166,0,野孩子,http://www.dianping.com/member/4801591,man,,已婚,6158
双鱼座,60,保密,北京,207,163,,2012-02-23,315,3097,391,北京,看书、旅行、听音乐、码字儿,315,北京,2668,2012-2-23,1175,开心3点0,247,8,432,大四,http://www.dianping.com/member/21315712,woman,淮扬菜、粤菜、上海本帮菜,,8670
摩羯座,60,魅力可乐型,,387,300,,2011-02-18,5006,27040,1673,成都,吃早餐，吃午餐，吃晚餐,5006,成都,2654,1989-1-1,1538,早餐达人扁扁,1327,35308,11,初三,http://www.dianping.com/member/8102425,woman,学校后门的阿煮，酸奶，素食，全麦。。,热恋,19710
巨蟹座,60,高挑优雅型,,34,61,,2009-06-07,369,7676,572,上海,看书，网购，游泳，听音乐，睡觉,369,上海,2580,1989-7-17,1782,随风思恋,222,2261,499,研二,http://www.dianping.com/member/4085443,woman,,单身,18421
双子座,60,小巧玲珑型,,622,6,投资,2009-08-23,1600,5589,871,天津,花钱,1600,天津,2525,1987-1-8,800,我吃了一鲸,289,72,3259,校长,http://www.dianping.com/member/4468475,woman,只要好吃都喜欢,单身,15183
水瓶座,60,,,1020,665,,2014-05-21,378,1695,199,淮南,,378,淮南,2495,1972-2-15,4418,青青子衿02,321,4937,22,高三,http://www.dianping.com/member/63484334,woman,,,11832
处女座,60,,,110,7,,2011-11-24,216,3006,19,南京,,216,南京,2520,1998-8-31,3146,小百合2011,0,5,0,高二,http://www.dianping.com/member/18668234,woman,,,10621
天秤座,60,,,643,0,,2014-04-18,221,1890,98,济宁,,221,济宁,2209,1993-10-6,2339,好想次饭饭,4,699,156,高二,http://www.dianping.com/member/57884514,woman,,单身,12196
摩羯座,60,保密,,149,1052,,2008-11-15,5219,5752,1200,上海,,5219,上海,2534,1988-1-8,993,悠de小食光,455,4760,1423,教授,http://www.dianping.com/member/3363931,woman,好吃的\(^o^)/~,单身,15116
Leo,60,,,85,64,HR,2008-05-22,310,3194,416,上海,阅读、旅游、电影,310,上海,2542,1983-8-8,0,vivistar_微微,118,767,29,大三,http://www.dianping.com/member/2304129,woman,粤菜，日料，甜点,保密,11373
,60,,,1094,1,,2015-02-06,24,2,1,白城,,24,白城,2025,,2807,行云流水_4248,0,36,0,学龄前,http://www.dianping.com/member/680785869,,,,10334
处女座,60,,,511,21,,2008-06-23,637,15139,388,广州,,637,广州,2534,1990-9-10,28,萤火虫BB,1018,884,9,高二,http://www.dianping.com/member/2472913,woman,,单身,22803
处女座,60,小巧玲珑型,,59,35,,2005-08-18,1096,4121,1650,上海,,1096,上海,2539,1981-8-26,772,综于缘味,153,1303,4968,校长,http://www.dianping.com/member/343583,woman,,,15831
天蝎座,60,,,22,635,,2009-07-05,685,12330,223,上海,,685,上海,2524,1987-10-28,707,KauluwehiS,0,344,4,高一,http://www.dianping.com/member/4220403,woman,,单身,11062
白羊座,60,保密,,710,18,,2008-05-23,1059,13304,637,昆明,,1059,昆明,2545,1979-4-16,814,蜗牛小乖,1631,4645,30,高一,http://www.dianping.com/member/2313522,woman,,,21230
天秤座,60,高挑优雅型,哈尔滨工业大学,351,29,教师,2007-12-01,921,5750,483,沈阳,逛街，看书，旅游,921,沈阳,2549,1981-9-23,57,萨拉姐姐,885,3476,15,四年级,http://www.dianping.com/member/1991085,woman,面包,已婚,13847
白羊座,60,,,850,0,,2015-05-03,221,2585,43,淮北,,221,淮北,2521,1983-3-24,4341,l99miao,217,628,932,大四,http://www.dianping.com/member/774964243,woman,,已婚,13735
处女座,60,保密,,197,1235,,2011-08-07,353,8531,494,无锡,电视剧，美食,353,无锡,2544,1990-9-4,157,丶沫小若,1947,392,73,研一,http://www.dianping.com/member/14730173,woman,杭帮菜，港式早茶，意大利菜，法国料理，各种小吃，韩餐,单身,19739
射手座,60,,,347,241,,2004-09-29,2633,4996,1795,上海,,2633,上海,2555,1977-12-2,76,littleshark,1043,4462,62,研二,http://www.dianping.com/member/50508,woman,,,13852
天蝎座,60,,,1860,24,,2015-09-12,229,1553,72,烟台,,229,烟台,2461,1990-11-21,866,飞翔的大酷头子,62,1694,0,初三,http://www.dianping.com/member/823983351,man,,热恋,13298
处女座,60,保密,,546,125,,2006-12-09,581,2240,580,西安,,581,西安,2565,1988-9-14,2465,落雨流潺,742,303,0,三年级,http://www.dianping.com/member/1446693,woman,,单身,9475
巨蟹座,60,,,730,90,,2014-05-03,4476,8213,1495,深圳,,4476,深圳,2539,1976-7-20,1004,功夫肥豬,60,438743,63,大一,http://www.dianping.com/member/59672172,man,,,16642
水瓶座,60,小巧玲珑型,,125,14,,2008-02-18,791,7640,609,上海,,791,上海,2554,1988-1-26,108,rainy_ling,440,85,1078,教授,http://www.dianping.com/member/2085417,woman,,单身,15456
水瓶座,60,,,330,329,,2011-07-24,1006,8653,1119,广州,,1006,广州,2568,1993-1-29,1654,magla,460,30495,231,大四,http://www.dianping.com/member/14299514,woman,意粉 pizza 牛扒,,24177
巨蟹座,60,高挑优雅型,USST,242,16,IT,2007-12-24,2846,6875,1313,上海,美食，旅游,2846,上海,2569,1981-7-16,275,Tamm,272,19805,349,研二,http://www.dianping.com/member/2018921,woman,甜品，巧克力，素菜,单身,17884
狮子座,60,保密,,96,91,,2007-08-30,401,11135,175,苏州,吃喝玩乐,401,苏州,2573,1982-7-28,1326,晓涵琉,214,533,54,大三,http://www.dianping.com/member/1869500,woman,苏帮菜，粤菜，日本菜,,10554
巨蟹座,60,小巧玲珑型,成都体育学院,204,1197,学生,2010-06-06,1280,4478,480,成都,吃 喝 玩 乐 什么东西腐败什么东西就是我的爱好,1280,成都,2580,1988-6-27,934,大嘴闯天下,218,19724,2,一年级,http://www.dianping.com/member/5850625,woman,川菜 湘菜,热恋,11676
天秤座,60,保密,负担,263,130,医疗卫生,2007-04-22,3552,21551,961,上海,吃好饭，睡懒觉，看小说,3552,上海,2577,1984-9-27,3362,玉云_冷血动物,990,4271,85,大三,http://www.dianping.com/member/1654219,woman,茶餐厅 西餐 日式,已婚,17629
天秤座,60,,,1010,3,,2015-01-06,120,868,33,青岛,,120,青岛,2517,1987-10-4,3200,人生得意须尽欢！1985,0,9,29,高一,http://www.dianping.com/member/187423505,man,,,12637
,60,,,827,1,,2015-02-06,39,118,38,马鞍山,,39,马鞍山,2425,,2351,巫山古桥,10,337,47,初三,http://www.dianping.com/member/475834881,,,,11901
金牛座,60,魅力V型,,1361,33,餐饮,2015-02-10,923,10869,675,大理州,旅游运动,923,大理州,2607,1973-5-11,333,四阿哥驾到,2801,41812,416,研一,http://www.dianping.com/member/721091054,man,,已婚,31352
双鱼座,60,高大健硕型,哈哈,1118,40,哈哈,2013-08-23,351,4983,216,大连,哈哈,351,大连,2613,1990-2-21,5469,pal001,128,10301,573,研二,http://www.dianping.com/member/42918833,man,哈哈,保密,17674
白羊座,60,小巧玲珑型,,304,205,,2008-02-22,725,5337,390,上海,旅游和美食,725,上海,2593,1979-4-16,238,elf2001,856,4336,29,大二,http://www.dianping.com/member/2090191,woman,,保密,12029
双子座,60,,,285,15,,2005-05-29,933,2232,1926,上海,就那几样。说不得。。。,933,上海,2616,1985-6-3,4,小乖国王,1131,197,12355,系主任,http://www.dianping.com/member/213278,woman,日料,保密,11933
狮子座,60,高大健硕型,中国人民大学,72,0,管理,2010-12-19,407,389,167,北京,,407,北京,2609,1979-8-21,0,moba790821,20,605,1,四年级,http://www.dianping.com/member/7474843,man,,热恋,5604
,60,,,950,410,,2014-10-28,160,2316,51,无锡,,160,无锡,2580,,220,自由自在的GUCCI,27,432,0,高三,http://www.dianping.com/member/145692735,woman,,,15224
天蝎座,60,,北京化工大学,537,173,高管,2008-07-22,204,37,318,北京,保龄球，羽毛球,204,北京,2684,1975-10-6,3,ztjhm,778,286,2820,讲师,http://www.dianping.com/member/2670346,man,川菜，东北菜,已婚,9625
摩羯座,60,,,994,130,,2014-09-08,199,413,39,北京,,199,北京,2670,1990-1-1,2715,孤单孤单否,20,377,0,初三,http://www.dianping.com/member/124191691,woman,,,12799
star_sign,rank,shape,college,comment_first,collect_num,occupation,reg_time,flower,pic_num,fans,location,hobby,comment_response,tags,comment_num,birthday,loc_check,nickname,shops,interaction,note_num,level,url,gender,foodtype,love_situation,contribution
双鱼座,60,清瘦,山东大学,150,178,广告业,2012-07-08,782,22163,607,青岛,美食、旅行、电影、SHOPPING、上网、看书、音乐等,782,青岛,2492,1986-3-9,2097,ruby纸鸢,181,7317,49,大二,http://www.dianping.com/member/25262006,woman,粤菜、火锅、甜品、西餐等,热恋,17001
处女座,60,,,509,25,,2008-08-09,218,3887,940,北京,,218,北京,2517,1984-8-26,505,我是飞儿,406,137,2550,教授,http://www.dianping.com/member/2803764,woman,,单身,10935
天蝎座,60,可爱球型,,36,431,,2008-01-17,1322,12981,1609,上海,无爱好,1322,上海,2456,1990-11-12,2643,MissmoonMiss,36,1321,211,研二,http://www.dianping.com/member/2049672,woman,,单身,11439
射手座,60,,,161,5,,2009-06-15,449,3510,386,广州,一个字:吃,449,广州,2521,1985-11-29,51,Sylviahuo,304,600,66,研一,http://www.dianping.com/member/4123781,woman,,保密,8833
双子座,60,高大健硕型,UOW,143,14,生产制造,2008-04-05,754,865,343,北京,,754,北京,2524,1985-6-15,960,郭老师和他的朋友们,103,650,0,一年级,http://www.dianping.com/member/2156984,man,,单身,6797
双子座,60,保密,城院,250,34,通信,2013-02-24,1388,7352,1389,杭州,吃！,1388,杭州,2459,1990-6-11,113,狮心骄傲,447,8804,1277,教授,http://www.dianping.com/member/33969873,man,甜食,,17333
处女座,60,高挑优雅型,立信会计学院,200,544,化妆品,2005-01-30,1289,4544,1560,上海,除了吃，没什么爱好了。,1289,上海,2463,1982-9-8,574,多悠悠,521,837,254,研一,http://www.dianping.com/member/103502,woman,不挑食，我都爱。,已婚,10826
射手座,60,,,243,16,,2011-06-23,314,11212,217,无锡,,314,无锡,2371,1987-12-4,214,冬日蓝,1140,994,383,博士,http://www.dianping.com/member/13138096,woman,,,21177
水瓶座,60,高挑优雅型,,126,60,,2005-02-24,3252,3548,1403,上海,逛街，购物，电影，杂志，美容，音乐,3252,上海,2464,1975-2-2,2504,Cindy徐姐姐,268,1710,4187,系主任,http://www.dianping.com/member/122640,woman,川菜，日料，火锅，烧烤，粤菜,已婚,8907
,60,,,398,2,,2009-06-04,281,6530,200,苏州,,281,苏州,2452,1980-1-31,71,seanlovemom,1002,411,1006,博士,http://www.dianping.com/member/4066995,woman,,,13697
天蝎座,60,高大健硕型,,746,57,,2011-06-19,600,4760,669,西安,,600,西安,2477,1992-11-15,263,开始冻心,532,6485,307,大三,http://www.dianping.com/member/12948672,man,,单身,18127
巨蟹座,60,,,450,69,,2006-11-24,933,6272,1461,北京,,933,北京,2468,1982-7-15,1406,卡地亚天后,995,1081,1224,讲师,http://www.dianping.com/member/1401277,woman,,,14180
双子座,60,保密,,218,325,Finance,2008-09-09,462,12245,450,上海,吃,462,上海,2478,1983-5-23,411,猪猪爱次次,1289,4367,514,讲师,http://www.dianping.com/member/3048581,woman,茶餐厅、西餐,单身,28817
,60,,,1690,0,,2015-06-18,59,52,17,徐州,,59,徐州,2486,,2628,.@吃啥都香,0,96,0,学龄前,http://www.dianping.com/member/791891605,,,,11574
摩羯座,60,高挑优雅型,,120,1104,,2006-01-11,650,6888,565,上海,美食、看书、唱歌、跳舞,650,上海,2486,1984-1-14,3427,桑多多,902,8137,1382,讲师,http://www.dianping.com/member/698396,woman,各大菜系,已婚,20880
天蝎座,60,小巧玲珑型,南审,299,0,文员,2013-03-28,707,19588,432,苏州,多肉、狗狗、吃美食,707,苏州,2378,1987-11-14,1302,白衬衫上的蝴蝶,1304,5764,2835,教授,http://www.dianping.com/member/35150123,woman,,已婚,24685
双子座,60,小巧玲珑型,,103,1627,,2006-05-12,583,7399,385,上海,,583,上海,2418,1986-5-27,49,Favor_Flavor,193,1788,27,五年级,http://www.dianping.com/member/884727,woman,,,12269
,60,,,692,23,,2014-09-07,98,2072,94,桂林,,98,桂林,2001,,3846,爱辰love,234,134,3,高三,http://www.dianping.com/member/124028611,woman,,,13196
,50,,,0,1,,2010-12-23,57,254,613,上海,,57,上海,2423,,0,tianmimila,0,24,0,学龄前,http://www.dianping.com/member/7516242,,,,3417
水瓶座,60,保密,,331,1,经商,2014-11-10,102,1216,92,莆田,,102,莆田,2315,1979-1-22,3307,dpuser_92391619872,39,993,36,高三,http://www.dianping.com/member/157293108,man,,已婚,8465
,60,,,1402,21,,2015-11-02,42,3321,8,齐齐哈尔,,42,齐齐哈尔,2417,,2080,dpuser_03879335388,0,86,0,高一,http://www.dianping.com/member/844228274,,,,15968
金牛座,60,保密,,137,23,,2015-03-07,97,460,7,武汉,,97,武汉,1912,1979-5-7,8019,吃吃吃恩,0,115,0,四年级,http://www.dianping.com/member/757967808,man,,保密,10244
天秤座,60,保密,,377,160,,2012-09-04,258,3049,577,北京,乒乓球、音乐、电影,258,北京,2398,1978-9-29,2205,Staisa,75,3,0,大一,http://www.dianping.com/member/27357021,woman,粤菜、淮扬菜、本帮菜,已婚,11199
,60,,,194,1,,2006-03-23,287,4665,338,上海,,287,上海,2355,,176,人淡如菊心素如简,250,2657,206,大二,http://www.dianping.com/member/824248,woman,,,17396
,60,,,962,54,,2014-04-21,102,1486,14,无锡,,102,无锡,2405,,155,纯粹de蓝调,2,252,1,高二,http://www.dianping.com/member/58235766,man,,,12825
,60,,,646,4,,2015-04-29,118,166,15,西安,,118,西安,1843,,3080,屹琳子,0,181,0,学龄前,http://www.dianping.com/member/773812798,woman,,,11221
天秤座,60,文弱书生型,中南财经政法大学,115,6,事业单位,2013-05-01,217,1146,67,武汉,美食、足球、汽车、看书、电影,217,武汉,1607,1982-9-28,65,俊俊温柔,20,769,0,野孩子,http://www.dianping.com/member/36740799,man,云吞面、虾饺、粤菜、香颂、权金城,单身,6974
,60,,,292,6,,2011-07-08,114,2175,24,长春,,114,长春,2270,,5293,百香和路雪,8,1,4,初二,http://www.dianping.com/member/13786021,woman,,,10131
摩羯座,60,啤酒肚型,,837,10,司机,2011-03-17,552,12319,422,成都,,552,成都,2444,1980-1-10,1075,从开始吃到现在,3160,15106,606,研一,http://www.dianping.com/member/8626174,man,苍蝇馆子,已婚,28969
天蝎座,60,魅力可乐型,,50,276,,2005-09-24,415,2287,259,上海,,415,上海,2441,1986-10-24,1186,乖心是个小次货,83,1248,46,大四,http://www.dianping.com/member/402531,woman,,单身,6957
狮子座,60,保密,华中师范大学,409,146,教师,2011-03-12,328,8148,555,青岛,,328,青岛,2445,1987-7-29,4577,安安di,1746,5264,279,研二,http://www.dianping.com/member/8562110,woman,辣,已婚,26027
,60,,,648,1,,2014-12-05,114,1142,83,郑州,,114,郑州,2331,,2762,藏藏～,0,224,8,高二,http://www.dianping.com/member/174763383,man,,,11349
,60,,,946,1,,2014-12-27,114,1657,69,鞍山,,114,鞍山,2445,,2075,漂流瓶088,0,317,0,高二,http://www.dianping.com/member/183503939,woman,,单身,13121
天蝎座,60,保密,,155,14,,2009-09-15,227,1883,210,广州,吃野，玩,227,广州,2448,1986-11-4,193,WongQueenie,88,453,243,讲师,http://www.dianping.com/member/4591677,woman,,单身,10516
射手座,60,高挑优雅型,河北科技大学,45,347,设计,2011-08-07,629,8429,611,天津,吃喝玩乐,629,天津,2445,1987-11-24,243,铮冒冒,33,5372,1366,系主任,http://www.dianping.com/member/14723827,woman,毫无禁忌,单身,10250
天秤座,60,可爱球型,,358,27,,2013-03-06,425,5842,128,广州,,425,广州,2453,1991-10-1,246,想要好好生活的小鸭子,220,890,15,二年级,http://www.dianping.com/member/34317961,man,,,10009
,60,,,1183,18,,2013-01-16,109,136,19,武汉,,109,武汉,2441,1992-2-18,3135,老婆莎莎,2,204,0,一年级,http://www.dianping.com/member/32400320,man,,,10025
射手座,60,保密,大连海洋大学,674,128,会计,2012-01-26,674,5616,326,大连,读书,674,大连,2445,1991-12-4,1555,楊zzz,201,9191,234,大二,http://www.dianping.com/member/20632929,man,都爱吃,单身,15457
双子座,60,,,29,71,,2011-04-02,366,2529,152,青岛,,366,青岛,2454,1986-5-22,490,宝宝不饿～,16,1226,0,一年级,http://www.dianping.com/member/8940662,woman,,,9410
天秤座,60,保密,临沂大学,1266,105,教师,2015-03-03,330,2741,188,临沂,吃美食,330,临沂,2461,1988-10-3,1791,七夕清,57,57,494,大三,http://www.dianping.com/member/756959297,woman,甜点,已婚,13194
金牛座,60,,,643,18,,2015-10-25,169,1312,29,台州,,169,台州,2444,2016-4-23,3861,broadcast晔,0,304,21,初二,http://www.dianping.com/member/840536784,,,,8936
巨蟹座,60,保密,南师大泰州学院,899,33,,2014-10-26,192,1486,222,泰州,,192,泰州,2469,1994-7-14,5941,眼不见为净19288,0,1551,119,大一,http://www.dianping.com/member/144039782,woman,,单身,12162
,60,,,520,1,,2015-02-21,80,390,35,郑州,,80,郑州,2374,,2778,無慾崱剛,0,174,5,高二,http://www.dianping.com/member/753677313,man,,,9194
天蝎座,60,,,1155,37,,2011-07-16,152,483,39,广州,,152,广州,2490,2013-10-24,2904,jin1024,0,564,0,四年级,http://www.dianping.com/member/14037794,woman,,,12136
,50,,,55,1,,2016-01-06,360,4,54,石家庄,,360,石家庄,2335,,11,比如爱和想念。,0,784,0,学龄前,http://www.dianping.com/member/867794430,,,,4721
,60,,,469,0,,2015-02-21,78,802,74,郑州,,78,郑州,2356,,2967,yangyue...,0,170,8,高二,http://www.dianping.com/member/753687118,woman,,,9704
天蝎座,60,高挑优雅型,南京陆军指挥学院,332,31,自由职业,2005-04-24,1081,8164,854,无锡,逛街，看电影，旅游,1081,无锡,2499,1981-11-7,935,蝶也,10921,6436,587,院长,http://www.dianping.com/member/172917,woman,江浙美食、日本菜、韩国烧烤、甜品,单身,31237
白羊座,60,,,92,507,,2004-11-02,210,205,301,上海,,210,上海,2496,1980-4-8,632,aries0408,181,166,3,二年级,http://www.dianping.com/member/61125,woman,,,7022
处女座,60,保密,SMU,128,120,500,2007-07-07,1586,11389,726,上海,吃吃吃...............,1586,上海,2494,1985-9-21,1196,园子爱吃肉,353,3223,184,大三,http://www.dianping.com/member/1784809,woman,"粤,西,甜",,14942
金牛座,60,保密,徐州师范大学,254,1,教师,2014-09-13,367,7007,74,盐城,吃饭、睡觉、向呆,367,盐城,2509,1983-5-13,2005,盐帮老大～,70,976,654,大四,http://www.dianping.com/member/126394191,man,甜品系列,已婚,17627
